,Movies,Worldwide Collections
0,Avengers: Infinity War,"$2,048,359,754"
1,Black Panther,"$1,346,913,161"
2,Jurassic World: Fallen Kingdom,"$1,308,467,944"
3,Incredibles 2,"$1,242,805,359"
4,Aquaman,"$1,148,461,807"
5,Bohemian Rhapsody,"$903,655,259"
6,Venom,"$856,085,151"
7,Mission: Impossible - Fallout,"$791,115,104"
8,Deadpool 2,"$734,546,611"
9,Fantastic Beasts: The Crimes of Grindelwald,"$654,855,901"
10,Ant-Man and the Wasp,"$622,674,139"
11,Ready Player One,"$582,890,172"
12,Operation Red Sea,"$579,330,426"
13,Detective Chinatown 2,"$544,185,156"
14,The Meg,"$530,243,742"
15,Ralph Breaks the Internet,"$529,323,962"
16,Hotel Transylvania 3: Summer Vacation,"$528,583,774"
17,The Grinch,"$511,595,957"
18,Bumblebee,"$467,989,645"
19,A Star Is Born,"$436,188,866"
20,Rampage,"$428,028,233"
21,Mamma Mia! Here We Go Again,"$395,044,706"
22,Solo: A Star Wars Story,"$392,924,807"
23,Spider-Man: Into the Spider-Verse,"$375,540,831"
24,Fifty Shades Freed,"$371,985,018"
25,The Nun,"$365,550,119"
26,Monster Hunt 2,"$361,682,618"
27,Peter Rabbit,"$351,266,433"
28,Mary Poppins Returns,"$349,537,494"
29,A Quiet Place,"$340,939,361"
30,Green Book,"$321,752,656"
31,Skyscraper,"$304,868,961"
32,Ocean's 8,"$297,718,711"
33,Pacific Rim: Uprising,"$290,930,148"
34,Maze Runner: The Death Cure,"$288,175,335"
35,Tomb Raider,"$274,650,803"
36,Halloween,"$255,485,178"
37,Crazy Rich Asians,"$238,532,921"
38,Creed II,"$214,215,889"
39,Smallfoot,"$214,040,103"
40,The Island,"$198,326,350"
41,Christopher Robin,"$197,744,377"
42,The Equalizer 2,"$190,400,157"
43,The Mule,"$174,804,407"
44,The Nutcracker and the Four Realms,"$173,961,069"
45,Insidious: The Last Key,"$167,885,588"
46,The Predator,"$160,542,134"
47,Johnny English Strikes Again,"$158,970,776"
48,Red Sparrow,"$151,572,634"
49,More Than Blue,"$142,958,164"
50,The First Purge,"$137,056,262"
51,How Long Will I Love U,"$136,796,719"
52,A Wrinkle in Time,"$132,675,864"
53,The House with a Clock in Its Walls,"$131,457,147"
54,Instant Family,"$120,556,201"
55,A Cool Fish,"$118,153,135"
56,Game Night,"$117,679,066"
57,Dragon Ball Super: Broly,"$115,560,610"
58,The Monkey King 3,"$115,084,576"
59,First Man,"$105,697,415"
60,Book Club,"$104,438,188"
61,Night School,"$103,105,878"
62,Alpha,"$98,203,196"
63,Along With the Gods: The Last 49 Days,"$97,962,238"
64,A Simple Favor,"$97,644,617"
65,The Favourite,"$95,918,706"
66,Truth or Dare,"$95,330,493"
67,I Feel Pretty,"$94,539,426"
68,Blockers,"$94,017,294"
69,BlacKkKlansman,"$93,400,823"
70,Goosebumps 2: Haunted Halloween,"$93,320,380"
71,Shadow,"$91,708,374"
72,Overboard,"$91,244,913"
73,Sherlock Gnomes,"$90,497,778"
74,Detective Dee: The Four Heavenly Kings,"$90,040,771"
75,Robin Hood,"$86,489,031"
76,I Can Only Imagine,"$86,056,345"
77,Mortal Engines,"$83,672,673"
78,Den of Thieves,"$80,509,622"
79,Hereditary,"$80,200,936"
80,Tag,"$78,130,625"
81,Sanju,"$76,693,052"
82,Vice,"$76,073,488"
83,Widows,"$75,984,700"
84,Sicario: Day of the Soldado,"$75,837,743"
85,Searching,"$75,462,037"
86,The Spy Who Dumped Me,"$75,320,680"
87,Second Act,"$72,282,227"
88,Spirited Away 2018 Re-release,"$70,186,029"
89,Shoplifters,"$67,999,335"
90,12 Strong,"$67,450,815"
91,"Love, Simon","$66,316,289"
92,Mile 22,"$66,308,758"
93,Life of the Party,"$65,859,911"
94,Capernaum,"$64,413,178"
95,Isle of Dogs,"$64,241,499"
96,Adrift,"$59,945,012"
97,The 15:17 to Paris,"$57,076,286"
98,Early Man,"$54,622,814"
99,Peppermint,"$53,918,723"
100,Teen Titans GO! to the Movies,"$52,090,236"
101,Slender Man,"$51,738,549"
102,Breaking In,"$51,411,620"
103,Once Upon a Deadpool 2018 Re-release,"$51,247,568"
104,Death Wish,"$49,562,710"
105,Andhadhun,"$49,391,206"
106,Golden Job,"$47,279,677"
107,Mary Queen of Scots,"$46,710,283"
108,Uncle Drew,"$46,664,414"
109,Tyler Perry's Acrimony,"$46,403,669"
110,Asterix: The Secret of the Magic Potion,"$46,221,204"
111,Winchester,"$44,019,588"
112,Annihilation,"$43,070,915"
113,The Possession of Hannah Grace,"$43,016,528"
114,Long Day's Journey Into Night,"$42,140,994"
115,Overlord,"$41,657,844"
116,The Great Battle,"$41,509,280"
117,The Darkest Minds,"$41,142,379"
118,Holmes & Watson,"$40,466,970"
119,Show Dogs,"$39,156,854"
120,Believer,"$39,047,153"
121,The Spy Gone North,"$38,844,509"
122,On the Basis of Sex,"$38,673,750"
123,Till The End Of The World,"$37,013,733"
124,Nothing to Lose,"$36,075,317"
125,Mia and the White Lion,"$35,487,190"
126,The Girl in the Spider's Web,"$35,164,920"
127,The Hate U Give,"$34,934,009"
128,Nobody's Fool,"$33,705,333"
129,Baaghi 2,"$33,139,063"
130,The Hurricane Heist,"$32,517,248"
131,Bad Times at the El Royale,"$31,882,724"
132,Hunter Killer,"$31,672,678"
133,Super Troopers 2,"$31,626,386"
134,The Strangers: Prey at Night,"$31,039,126"
135,Free Solo,"$29,318,861"
136,Pad Man,"$29,045,020"
137,Default,"$27,709,716"
138,One Cut of the Dead,"$27,590,180"
139,Mirai,"$27,526,961"
140,The Happytime Murders,"$27,506,452"
141,Midnight Sun,"$27,365,467"
142,My Neighbor Totoro 2018 Re-release,"$27,083,857"
143,Hichki,"$26,055,222"
144,White Boy Rick,"$25,957,482"
145,"Paul, Apostle of Christ","$25,915,966"
146,Keys To The Heart,"$25,375,866"
147,Stan & Ollie,"$24,420,923"
148,The Accidental Detective 2: In Action,"$24,243,825"
149,Pokémon the Movie: The Power of Us,"$23,740,788"
150,Padmaavat,"$22,991,060"
151,Won't You Be My Neighbor?,"$22,843,246"
152,Mojin: The Worm Valley,"$22,381,583"
153,Big Brother,"$22,029,250"
154,Master Z: The Ip Man Legacy,"$21,832,649"
155,Proud Mary,"$21,753,365"
156,The Prodigy,"$21,150,265"
157,Gonjiam: Haunted Asylum,"$21,041,950"
158,My Hero Academia: Two Heroes,"$21,022,724"
159,SuperFly,"$20,780,685"
160,If Beale Street Could Talk,"$20,596,567"
161,Burn the Stage: The Movie,"$20,347,513"
162,Cold War 2018 Re-release,"$20,296,042"
163,The Wife,"$19,978,189"
164,Everybody Knows,"$19,176,163"
165,They Shall Not Grow Old 2018 Re-release,"$19,130,011"
166,Oolong Courtyard: KungFu School,"$19,129,015"
167,Detective K: Secret of the Living Dead,"$18,603,476"
168,Airpocalypse,"$18,491,089"
169,Chappaquiddick,"$18,263,470"
170,Sorry to Bother You,"$18,170,707"
171,Hell Fest,"$18,159,691"
172,The Old Man & the Gun,"$17,860,397"
173,The Children Act,"$17,696,794"
174,Operation Finale,"$17,612,099"
175,Loving Pablo,"$17,535,962"
176,102 Not Out,"$16,758,596"
177,Beautiful Boy,"$16,636,604"
178,Upgrade,"$16,593,554"
179,Forever My Girl,"$16,376,066"
180,Unfriended: Dark Web,"$16,024,987"
181,Finding Your Feet,"$15,845,593"
182,Feng Shui,"$15,702,302"
183,Tully,"$15,636,462"
184,The Negotiation,"$15,229,193"
185,Harry Potter and the Deathly Hallows: Part 2 2018 Re-release,"$14,895,840"
186,RBG,"$14,441,292"
187,Eighth Grade,"$14,347,433"
188,Thugs of Hindostan,"$14,341,431"
189,Unsane,"$14,293,601"
190,Colette,"$14,273,033"
191,Ya veremos,"$14,134,723"
192,The Quake,"$13,837,294"
193,Three Identical Strangers,"$13,448,497"
194,Hotel Artemis,"$13,313,581"
195,The Sisters Brothers,"$13,143,056"
196,Welcome to Marwen,"$13,061,491"
197,Take Point,"$12,908,032"
198,Luis and the Aliens,"$12,627,729"
199,Can You Ever Forgive Me?,"$12,442,161"
200,Rampant,"$12,359,573"
201,Tall Tales from the Magical Garden of Antoon Krings 2018 Re-release,"$12,353,849"
202,Little Women,"$12,165,890"
203,Boy Erased,"$11,853,081"
204,Unstoppable,"$11,845,347"
205,Last Letter,"$11,834,622"
206,Ash Is Purest White,"$11,813,509"
207,Ballon,"$11,799,591"
208,King of Thieves,"$11,353,515"
209,At Eternity's Gate,"$11,261,585"
210,La boda de Valentina,"$11,021,794"
211,Gringo,"$11,001,627"
212,2.0,"$10,847,903"
213,Golden Slumber,"$10,733,326"
214,Red Joan,"$10,647,493"
215,Every Day,"$10,421,847"
216,Swing Kids,"$10,397,408"
217,Lobster Cop,"$10,373,129"
218,Kin,"$10,313,019"
219,Girls vs Gangsters,"$10,265,819"
220,The Miracle Season,"$10,230,620"
221,Ben Is Back,"$10,134,204"
222,Papillon,"$10,060,903"
223,The Princess and the Matchmaker,"$9,899,017"
224,Simmba,"$9,839,639"
225,Traffik,"$9,515,914"
226,Replicas,"$9,330,075"
227,Mid90s,"$9,303,022"
228,Champion,"$8,974,547"
229,7 Days in Entebbe,"$8,771,432"
230,Pope Francis: A Man of His Word,"$8,608,385"
231,A-X-L,"$8,467,697"
232,Disobedience,"$8,003,180"
233,Life Itself,"$7,997,774"
234,Suspiria,"$7,942,093"
235,Qué León,"$7,807,916"
236,Amazing Grace,"$7,796,112"
237,Leave No Trace,"$7,682,928"
238,Pandas,"$7,635,778"
239,Burning,"$7,576,345"
240,Beirut,"$7,509,436"
241,God's Not Dead: A Light in Darkness,"$7,414,178"
242,Return of the Hero,"$7,362,730"
243,In Safe Hands,"$7,086,596"
244,Dog Days,"$6,819,044"
245,Race 3,"$6,817,391"
246,Fahrenheit 11/9,"$6,674,168"
247,Soorma,"$6,579,645"
248,Gotti,"$6,412,349"
249,Unbroken: Path to Redemption,"$6,216,897"
250,Ploey,"$6,146,292"
251,Mobile Suit Gundam Narrative,"$6,126,259"
252,Death of a Nation,"$5,885,881"
253,Incident in a Ghostland,"$5,643,957"
254,El Angel,"$5,604,680"
255,Destroyer,"$5,580,940"
256,A Wizard's Tale,"$5,487,261"
257,Harry Potter and the Sorcerer's Stone 2018 Re-release,"$5,329,121"
258,Never Look Away,"$5,105,444"
259,Action Point,"$5,103,663"
260,Dogman,"$5,080,147"
261,Blindspotting,"$5,006,989"
262,Sgt. Stubby: An American Hero,"$4,932,694"
263,Samson,"$4,873,825"
264,Hamlet 2018 Re-release,"$4,630,718"
265,Bad Samaritan,"$4,623,836"
266,Whitney,"$4,605,123"
267,The Guilty,"$4,598,051"
268,"Juliet, Naked","$4,508,260"
269,Woman at War,"$4,474,828"
270,Storm Boy,"$4,281,218"
271,The Dark Knight 2018 Re-release,"$4,250,479"
272,"Don't Worry, He Won't Get Far on Foot","$4,241,656"
273,Ghost Stories,"$4,131,358"
274,The Fall of the American Empire,"$4,110,928"
275,Harry Potter and the Prisoner of Azkaban 2018 Re-release,"$4,097,066"
276,American Animals,"$4,080,073"
277,Penguin Highway,"$4,006,647"
278,A Private War,"$3,915,207"
279,First Reformed,"$3,862,498"
280,Custody,"$3,790,303"
281,Night of 7 Years,"$3,716,820"
282,Gosnell: The Trial of America's Biggest Serial Killer,"$3,679,893"
283,Non-Fiction,"$3,649,042"
284,Indivisible,"$3,589,633"
285,The Apparition,"$3,562,793"
286,The Oscar Nominated Short Films 2018: Live Action,"$3,511,123"
287,Great Performances at the Met: Puccini: Tosca,"$3,473,616"
288,Racetime,"$3,439,053"
289,The Rider,"$3,434,963"
290,Patrick the Pug,"$3,369,468"
291,On Chesil Beach,"$3,335,913"
292,Breath,"$3,322,479"
293,Wildlife,"$3,321,367"
294,Bharath Ane Nenu,"$3,276,257"
295,The Front Runner,"$3,242,235"
296,Thoroughbreds,"$3,187,255"
297,Tea With the Dames,"$3,181,152"
298,Made for More,"$2,999,134"
299,Memoir of War,"$2,980,982"
300,God Bless the Broken Road,"$2,848,233"
301,A Breath Away,"$2,842,040"
302,McQueen,"$2,739,246"
303,Edie,"$2,731,170"
304,Billionaire Boys Club,"$2,713,955"
305,The Happy Prince,"$2,621,992"
306,The Little Mermaid,"$2,610,742"
307,Zero,"$2,595,762"
308,Leo Da Vinci: Mission Mona Lisa,"$2,588,859"
309,Assassination Nation,"$2,584,988"
310,Maquia: When the Promised Flower Blooms 2018 Re-release,"$2,569,927"
311,Birds of Passage,"$2,517,405"
312,"One Nation, One King","$2,481,681"
313,Lean on Pete,"$2,443,584"
314,The Breadwinner 2018 Re-release,"$2,426,907"
315,Hearts Beat Loud,"$2,417,165"
316,The Man Who Killed Don Quixote,"$2,390,383"
317,1991,"$2,342,264"
318,The House That Jack Built 2018 Re-release,"$2,268,962"
319,Puzzle,"$2,260,946"
320,An Interview with God,"$2,251,795"
321,At War,"$2,235,052"
322,3 Faces,"$2,191,516"
323,Maria By Callas 2018 Re-release,"$2,185,562"
324,Border,"$2,177,678"
325,Veere Di Wedding,"$2,176,099"
326,High Life,"$2,133,033"
327,Indian Horse,"$2,097,362"
328,Mary Shelley,"$2,096,600"
329,Black '47,"$2,073,063"
330,Under the Silver Lake,"$2,053,469"
331,Raid,"$2,031,135"
332,Climax,"$2,027,391"
333,Peterloo,"$1,998,945"
334,Great Performances at the Met: Verdi: La Traviata,"$1,982,588"
335,Maquia: When the Promised Flower Blooms,"$1,963,575"
336,The House That Jack Built,"$1,933,114"
337,The Pact,"$1,855,647"
338,Sweet Country,"$1,847,693"
339,Grease 2018 Re-release,"$1,827,688"
340,The Little Stranger,"$1,824,902"
341,The Seagull,"$1,820,461"
342,Moses,"$1,807,117"
343,Great Performances at the Met: Puccini: La Bohème,"$1,764,201"
344,Great Performances at the Met: Massenet: Cendrillon,"$1,747,259"
345,Beast,"$1,744,071"
346,A Faithful Man,"$1,720,605"
347,The Wild Pear Tree,"$1,696,258"
348,Sorry Angel,"$1,636,273"
349,I Still See You,"$1,620,637"
350,Great Performances at the Met: Verdi: Aida,"$1,595,902"
351,Made in India,"$1,594,164"
352,Yardie,"$1,551,163"
353,Mystery Train,"$1,544,973"
354,Kedarnath,"$1,538,846"
355,Princess Mononoke 2018 Re-release,"$1,519,321"
356,The Miseducation of Cameron Post,"$1,474,577"
357,The Dawn Wall 2018 Re-release,"$1,442,013"
358,Vox Lux,"$1,439,539"
359,Sometimes Always Never,"$1,377,856"
360,Swimming with Men,"$1,377,748"
361,Little Italy,"$1,362,536"
362,Foxtrot,"$1,356,159"
363,Mandy,"$1,335,484"
364,Great Performances at the Met: Rossini: Semiramide,"$1,332,900"
365,Great Performances at the Met: Mozart: Così fan tutte,"$1,302,949"
366,The Cakemaker,"$1,287,568"
367,Shed Skin Papa,"$1,278,065"
368,Yellow Submarine,"$1,273,261"
369,Beautifully Broken,"$1,271,572"
370,Guy,"$1,257,937"
371,The Captain,"$1,196,669"
372,Great Performances at the Met: Saint-Saëns: Samson et Dalila,"$1,195,758"
373,Great Performances at the Met: Verdi: Luisa Miller,"$1,166,858"
374,Elliot the Littlest Reindeer 2018 Re-release,"$1,142,187"
375,Roma,"$1,140,769"
376,Look Away,"$1,119,537"
377,Great Performances at the Met: Donizetti: L'Elisir d'Amore,"$1,115,018"
378,Sunset,"$1,083,299"
379,The Dark Crystal 2018 Re-release,"$1,036,956"
380,Great Performances at the Met: Puccini: La Fanciulla del West,"$1,023,233"
381,Husband Material,"$1,016,545"
382,Elvis: The Comeback Special,"$1,010,657"
383,National Theatre Live: Antony & Cleopatra,"$998,079"
384,Labyrinth 2018 Re-release,"$993,336"
385,Transit,"$982,372"
386,Schindler's List 2018 Re-release,"$981,489"
387,Journey's End,"$970,809"
388,Ryuichi Sakamoto: Coda,"$960,212"
389,A Prayer Before Dawn,"$958,883"
390,The Endless,"$956,425"
391,The Catcher Was a Spy,"$953,953"
392,Becoming Astrid,"$938,766"
393,Revenge,"$938,055"
394,White Christmas 2018 Re-release,"$928,298"
395,Like Arrows,"$928,265"
396,Kirk Cameron: Connect,"$918,127"
397,The Lodgers,"$916,727"
398,Kings,"$910,269"
399,Great Performances at the Met: Nico Muhly: Marnie,"$865,551"
400,Lizzie,"$844,786"
401,BANDSTAND: The Broadway Musical on Screen,"$839,554"
402,The Heiresses,"$811,196"
403,Mrs. Hyde,"$778,142"
404,The Invisibles,"$764,250"
405,Pick of the Litter,"$763,688"
406,Museo,"$759,626"
407,Boundaries,"$755,977"
408,Ramen Shop,"$734,579"
409,The Polar Express 2018 Re-release,"$731,018"
410,Slaughterhouse Rulez,"$730,762"
411,Liz and the Blue Bird,"$726,454"
412,HBO Boxing: Canelo Alvarez vs. Gennady Golovkin II,"$707,875"
413,Itzhak,"$704,968"
414,Blaze,"$704,955"
415,Jim Henson's Holiday Special with Fraggle Rock and Emmet Otter,"$695,130"
416,In the Aisles,"$694,586"
417,The Trump Prophecy,"$671,198"
418,Anna and the Apocalypse,"$670,430"
419,Dragon Ball Z: Broly - The Legendary Super Saiyan,"$658,982"
420,Ponyo 2018 Re-release,"$653,072"
421,Batti Gul Meter Chalu,"$635,869"
422,"Love, Gilda","$626,318"
423,The Sound of Music 2018 Re-release,"$624,392"
424,Die Hard 30th Anniversary Release,"$620,525"
425,The Transformers,"$619,597"
426,The Reports on Sarah and Saleem,"$607,206"
427,The Walking Dead: Wrath/The Walking Dead/Fear the Walking Dead: What's Your Story?/Fear the Walking Dead,"$605,764"
428,"DCI 2019: Big, Loud & Live 16","$603,320"
429,Oh Lucy!,"$600,145"
430,The Big Lebowski 2018 Re-release,"$592,832"
431,Bilal: A New Breed of Hero 2018 Re-release,"$576,805"
432,The Cat Returns 2018 Re-release,"$563,718"
433,Beetlejuice 2018 Re-release,"$562,613"
434,Kusama: Infinity,"$558,052"
435,Castle in the Sky 2018 Re-release,"$557,541"
436,Rojo,"$557,092"
437,Dhadak,"$549,628"
438,My Generation,"$546,183"
439,He's Out There,"$544,674"
440,Dragon Ball Z: Bardock - The Father of Goku/Dragon Ball Z: Fusion Reborn,"$540,707"
441,Karwaan,"$536,525"
442,What They Had,"$533,579"
443,Grave of the Fireflies,"$516,962"
444,The Sandlot 2018 Re-release,"$516,130"
445,Bullitt 2018 Re-release,"$511,350"
446,Monsters and Men,"$510,967"
447,Have a Nice Day,"$504,003"
448,London Fields,"$487,420"
449,Matangi/Maya/M.I.A,"$469,489"
450,Time Freak,"$467,693"
451,Puffs: Filmed Live Off Broadway,"$464,483"
452,MFKZ,"$461,724"
453,Scotty and the Secret History of Hollywood,"$461,689"
454,South Pacific 2018 Re-release,"$458,000"
455,The Gospel According to André,"$454,550"
456,Leaning Into The Wind,"$452,372"
457,Porco Rosso 2018 Re-release,"$443,059"
458,Elf 2018 Re-release,"$442,073"
459,We the Animals,"$434,743"
460,DCI 2018 Tour Premeire,"$434,008"
461,The Sower,"$433,112"
462,Andy Irons: Kissed by God,"$430,393"
463,Cirque du Soleil in Cinema: KURIOS - Cabinet of Curiosities,"$422,760"
464,Frankenstein 2018 Re-release,"$417,783"
465,Happy Phirr Bhag Jayegi,"$417,669"
466,Status Update,"$416,178"
467,Vertigo 2018 Re-release,"$408,560"
468,Please Stand By,"$406,732"
469,The Philadelphia Story 2018 Re-release,"$404,524"
470,The Oath,"$401,463"
471,West Side Story 2018 Re-release,"$398,670"
472,Space Mutiny,"$397,887"
473,Krull 2018 Re-release,"$397,157"
474,The Escape,"$390,881"
475,"Westwood: Punk, Icon, Activist","$386,856"
476,How to Talk to Girls at Parties,"$385,733"
477,Flower,"$380,553"
478,Jane and Emma,"$380,030"
479,Daughter of Mine,"$379,010"
480,Attack on Titan: Smoke Signal,"$377,334"
481,Jurassic Park 2018 Re-release,"$374,238"
482,Pom Poko 2018 Re-release,"$372,405"
483,"Ruben Brandt, Collector 2018 Re-release","$369,809"
484,The Wizard of Oz 2018 Re-release,"$351,839"
485,Bel Canto,"$350,264"
486,Suicide the Ripple Effect,"$347,468"
487,Nureyev: Lifting the Curtain,"$342,255"
488,Knife + Heart,"$341,847"
489,Bolshoi Ballet: Swan Lake,"$341,058"
490,Silencio,"$338,596"
491,Sailor Moon R: The Movie: The Promise of the Rose/Sailor Moon S: The Movie - Hearts in Ice,"$335,697"
492,Russ Taff: I Still Believe,"$334,983"
493,Shine,"$333,388"
494,The Opera House,"$325,235"
495,Teefa In Trouble,"$324,633"
496,The Bolshoi Ballet: Live From Moscow - The Nutcracker,"$323,928"
497,The Cured,"$323,776"
498,Damsel,"$323,235"
499,Sauvage / Wild,"$317,536"
500,The Riot and the Dance,"$316,103"
501,The Bolshoi Ballet: Live From Moscow - Romeo and Juliet,"$313,088"
502,MET Opera: Magic Flute,"$307,686"
503,The Mercy 2018 Re-release,"$306,205"
504,Showtime Championship Boxing: Deontay Wilder vs. Tyson Fury,"$304,482"
505,The Bolshoi Ballet: Live From Moscow - Giselle,"$302,681"
506,Sunset Blvd. 2018 Re-release,"$299,645"
507,Okko's Inn,"$293,385"
508,More Than Funny,"$290,498"
509,Best F(r)iends: Volume 1,"$290,064"
510,The Silence of Others,"$289,455"
511,Generation Wealth,"$287,709"
512,Skate Kitchen,"$287,307"
513,But Deliver Us from Evil,"$285,169"
514,Disney's Newsies: The Broadway Musical! 2018 Re-release,"$282,429"
515,Namaste England,"$279,934"
516,Wonders of the Sea,"$279,415"
517,Science Fair,"$277,338"
518,The King,"$273,601"
519,The World Before Your Feet,"$268,644"
520,Doctor Who,"$264,629"
521,The Producers 2018 Re-release,"$263,277"
522,The Final Year,"$262,286"
523,Eating You Alive,"$260,534"
524,Across the Universe 2018 Re-release,"$258,618"
525,Big 2018 Re-release,"$258,507"
526,Helicopter Eela,"$256,952"
527,Harry Potter and the Chamber of Secrets 2018 Re-release,"$249,426"
528,Hot Summer Nights,"$246,133"
529,The Fireflies Are Gone,"$245,006"
530,Dark River,"$239,182"
531,RWBY: Argus Limited,"$238,379"
532,Alien Intrusion: Unmasking a Deception,"$237,411"
533,Diamantino,"$235,041"
534,Superman 2018 Re-release,"$233,585"
535,Bishôjo senshi Sailor Moon Super S Special,"$231,434"
536,"Belle and Sebastian, Friends for Life 2018 Re-release","$229,983"
537,Studio 54,"$227,062"
538,BuyBust,"$223,720"
539,Little Pink House,"$220,948"
540,Great Performances at the Met: Puccini: Turandot,"$219,619"
541,Fragments of Truth,"$219,342"
542,Dark Money,"$217,932"
543,Getting Grace,"$217,812"
544,The Treasure of the Sierra Madre,"$215,295"
545,Agent Mr. Chan,"$208,351"
546,The Dating Project,"$208,100"
547,Heading Home: The Tale of Team Israel,"$207,533"
548,Keep the Change,"$202,788"
549,The Bolshoi Ballet: Live From Moscow - Coppélia,"$202,217"
550,Gemini,"$200,340"
551,Rebel Without a Cause 2018 Re-release,"$199,963"
552,Madeline's Madeline,"$197,309"
553,Have It All -The Movie,"$197,142"
554,Boom for Real: The Late Teenage Years of Jean-Michel Basquiat,"$195,517"
555,Claire's Camera,"$191,980"
556,Harry Potter and the Goblet of Fire 2018 Re-release,"$191,529"
557,The Bolshoi Ballet: Live From Moscow - Don Quixote,"$187,946"
558,Owaranai hito: Miyazaki Hayao,"$187,320"
559,Twiceland,"$186,078"
560,National Theatre Live: King Lear,"$185,305"
561,Cobra Kai Premiere Event feat. The Karate Kid,"$185,082"
562,Shock and Awe,"$182,415"
563,The Bolshoi Ballet: Live From Moscow - The Flames of Paris,"$175,922"
564,Always at The Carlyle,"$174,251"
565,The Bolshoi Ballet: Live From Moscow - La Sylphide,"$171,177"
566,Girls of the Sun,"$168,771"
567,The Clovehitch Killer,"$167,994"
568,The Bolshoi Ballet: Live From Moscow - The Lady of the Camellias,"$167,991"
569,Is Genesis History? 2018 Re-release,"$166,763"
570,Far From the Tree,"$166,018"
571,Lost & Found,"$164,026"
572,The Samuel Project,"$161,565"
573,Lu Over the Wall,"$161,253"
574,National Theatre Live: The Curious Incident of the Dog in the Night-Time 2018 Re-release,"$160,381"
575,The Last Resort,"$158,646"
576,Western,"$155,215"
577,Bad Reputation,"$154,190"
578,Eating Animals,"$153,993"
579,The Tag Along: Devil Fish,"$153,895"
580,"Buttons, A New Musical Film","$151,983"
581,Harry Potter and the Deathly Hallows: Part 1 2018 Re-release,"$148,263"
582,Night of the Living Dead 2018 Re-release,"$147,423"
583,Hannah,"$146,325"
584,Mr. Smith Goes to Washington 2018 Re-release,"$144,738"
585,The Price of Everything,"$144,446"
586,Disguising,"$143,108"
587,Best F(r)iends Volume Two,"$141,524"
588,Support the Girls,"$139,550"
589,Head Full of Honey,"$138,844"
590,The Brawler,"$138,515"
591,Mantra: Sounds Into Silence,"$135,684"
592,Another Day of Life,"$134,801"
593,Harry Potter and the Order of the Phoenix 2018 Re-release,"$132,782"
594,Rudy 2018 Re-release,"$131,200"
595,The Image Book,"$130,802"
596,Saheb Biwi Aur Gangster 3,"$130,403"
597,Five Seasons: The Gardens of Piet Oudolf,"$130,319"
598,Harry Potter and the Half-Blood Prince 2018 Re-release,"$130,246"
599,Great Performances at the Met: Puccini: Madama Butterfly,"$129,730"
600,Great Performances at the Met: Tchaikovsky: Eugene Onegin 2018 Re-release,"$129,498"
601,Great Performances at the Met: Verdi: Il Trovatore,"$129,393"
602,Love After Love,"$128,602"
603,Where Hands Touch,"$128,269"
604,Sleepless in Seattle 2018 Re-release,"$127,281"
605,The Great Buster,"$125,807"
606,Hymn: Sarah Brightman In Concert,"$124,707"
607,'85: The Greatest Team in Football History,"$124,573"
608,Wings of Desire 2018 Re-release,"$123,830"
609,Blood Fest,"$122,833"
610,Yu-Gi-Oh!: The Movie - Pyramid of Light 2018 Re-release,"$121,688"
611,Styx 2018 Re-release,"$118,188"
612,Bisbee '17,"$117,470"
613,George Takei's Allegiance 2018 Re-release,"$117,162"
614,Nostalgia,"$114,603"
615,John McEnroe: In the Realm of Perfection,"$114,289"
616,Bodied,"$113,956"
617,Filmworker,"$112,828"
618,A Boy. A Girl. A Dream.,"$112,552"
619,"Hale County This Morning, This Evening","$112,282"
620,The Dawn Wall,"$112,191"
621,A Chance in the World,"$112,007"
622,A Paris Education,"$111,197"
623,Red Sorghum,"$108,371"
624,"No Date, No Signature","$107,368"
625,National Theatre Live: Julius Caesar,"$107,057"
626,The Charmer,"$106,379"
627,Never Heard,"$105,271"
628,Andrei Rublev 2018 Re-release,"$102,021"
629,Kickboxer: Retaliation,"$101,690"
630,All About Nina,"$100,335"
631,Meow Wolf: Origin Story,"$99,488"
632,Reign of Judges: Title of Liberty - Concept Short,"$98,408"
633,National Theatre Live: Macbeth,"$97,857"
634,Godspeed: The Race Across America,"$96,690"
635,The Night Eats the World,"$95,208"
636,Let the Corpses Tan,"$93,409"
637,Nancy,"$92,000"
638,BANDSTAND: The Broadway Musical on Screen 2018 Re-release,"$91,000"
639,Yuri!!! On Ice,"$90,751"
640,Minding the Gap,"$90,328"
641,Running for Grace,"$89,988"
642,Cat on a Hot Tin Roof,"$89,332"
643,Goldstone 2018 Re-release,"$87,639"
644,Beuys,"$86,451"
645,"Nico, 1988","$83,558"
646,Doctor Who: The Woman Who Fell to Earth,"$82,698"
647,Bhavesh Joshi Superhero,"$81,792"
648,Yomeddine,"$81,030"
649,Woman Walks Ahead,"$80,912"
650,En el séptimo día,"$79,887"
651,The Boxcar Children - Surprise Island,"$78,676"
652,Un traductor,"$78,075"
653,Parchi,"$77,110"
654,93Queen,"$76,056"
655,Touch Me Not,"$75,507"
656,The Riot Act,"$75,506"
657,Where Is Kyra?,"$74,821"
658,Above and Beyond: NASA's Journey to Tomorrow,"$74,711"
659,The Boy Downstairs,"$73,988"
660,After Auschwitz,"$73,885"
661,Primal Rage: The Legend of Konga,"$73,383"
662,Antonio Lopez 1970: Sex Fashion & Disco,"$73,122"
663,The Fog 2018 Re-release,"$70,421"
664,Wastelander,"$70,045"
665,Chef Flynn,"$69,542"
666,Outside In,"$68,492"
667,The Eyes of Orson Welles,"$68,328"
668,10x10,"$68,260"
669,Making the Five Heartbeats,"$67,415"
670,The Doctor from India,"$67,136"
671,"3100, Run and Become","$66,789"
672,Searching for Ingmar Bergman,"$64,742"
673,"Monrovia, Indiana","$64,596"
674,The Gardener,"$62,734"
675,The Swan,"$62,716"
676,River Runs Red,"$61,789"
677,Here and Now,"$61,271"
678,Never Goin' Back,"$61,271"
679,A Kid Like Jake,"$60,784"
680,Viper Club,"$60,607"
681,Bomb City,"$59,329"
682,Digimon Adventure tri. Part 4: Loss,"$59,114"
683,Horn from the Heart: The Paul Butterfield Story,"$58,597"
684,Cynthia,"$58,177"
685,In Search of Greatness,"$58,090"
686,Ramen Heads,"$57,345"
687,Mamma Mia! 2018 Re-release,"$55,168"
688,American Dream: Detroit,"$55,092"
689,DAZN Boxing: Canelo Alvarez vs. Rocky Fielding,"$54,916"
690,Digimon Adventure tri. Part 6: Future,"$54,324"
691,The Assassin's Code,"$53,940"
692,The Legend of Hallowaiian,"$53,738"
693,Grass,"$53,503"
694,The Great Silence,"$53,074"
695,The Snowman Trek,"$51,743"
696,Wanda 2018 Re-release,"$51,713"
697,The Royal Wedding: Prince Harry and Meghan Markle,"$50,264"
698,Bigger,"$49,997"
699,Jumanji/Jumanji: Welcome to the Jungle 2018 NCM Fathom Event,"$49,381"
700,Hal,"$49,045"
701,The China Hustle,"$48,650"
702,350 Days - Legends. Champions. Survivors,"$47,526"
703,Mercury,"$45,429"
704,That Summer,"$44,659"
705,Submission,"$44,069"
706,Liyana,"$44,045"
707,Garry Winogrand: All Things are Photographable,"$44,002"
708,Hitler's Hollywood,"$43,766"
709,First We Take Brooklyn,"$42,812"
710,Golden Exits,"$41,888"
711,Jonathan,"$41,558"
712,Blue Iguana,"$41,050"
713,On Her Shoulders,"$40,145"
714,Humor Me,"$40,099"
715,An Elephant Sitting Still,"$39,599"
716,I Do Not Care If We Go Down in History as Barbarians,"$39,171"
717,Divide and Conquer,"$38,510"
718,Araby,"$38,399"
719,No Intenso Agora,"$38,223"
720,Gray Matter,"$38,034"
721,The Heart of Nuba,"$37,788"
722,Krystal,"$37,516"
723,Small Group,"$37,058"
724,24 Frames,"$37,045"
725,Mind Game,"$36,613"
726,For Those Who Don't Read Me,"$36,506"
727,Le Corbeau,"$36,089"
728,The House of Tomorrow,"$35,821"
729,The Road Movie,"$35,757"
730,Good Manners,"$35,714"
731,PGS: Intuition Is Your Personal Guidance System,"$35,423"
732,Holy Hell,"$34,366"
733,Maui,"$33,953"
734,"Distant Voices, Still Lives 2018 Re-release","$33,301"
735,The Nun,"$32,659"
736,Sollers Point,"$32,608"
737,Goodland,"$32,140"
738,Moynihan,"$31,970"
739,Poor Boy,"$31,031"
740,Heavy Trip,"$30,351"
741,Cold Water,"$30,209"
742,Memories of Underdevelopment 2018 Re-release,"$29,647"
743,Charm City,"$29,335"
744,Restoring Tomorrow,"$28,556"
745,Quai des Orfèvres 2018 Re-release,"$28,013"
746,The Amendment,"$27,961"
747,Senso,"$27,723"
748,Milford Graves Full Mantis,"$26,566"
749,At First Light,"$26,338"
750,Marlina the Murderer in Four Acts,"$26,331"
751,The Misandrists,"$26,123"
752,Ridge Runners,"$26,019"
753,Jet Trash 2018 Re-release,"$26,002"
754,Black Mother,"$25,919"
755,Vazante,"$25,091"
756,An Elephant's Journey,"$24,844"
757,Too Late to Die Young,"$24,487"
758,Under The Wire,"$23,897"
759,Death House,"$23,833"
760,An Evening with Beverly Luff Linn,"$23,515"
761,Letter from Masanjia,"$23,481"
762,The Judge,"$23,127"
763,Three Peaks,"$23,069"
764,Anything,"$22,537"
765,The Atomic Cafe,"$22,293"
766,Winning Formula,"$22,189"
767,The Female Brain,"$21,786"
768,Half the Picture,"$21,589"
769,Hagazussa,"$21,487"
770,Tyrel,"$21,456"
771,Ganja & Hess,"$21,197"
772,The Happys,"$21,108"
773,Ava,"$20,940"
774,Did You Wonder Who Fired the Gun?,"$20,765"
775,Freak Show,"$20,657"
776,Ice Dragon: Legend of the Blue Daisies,"$20,549"
777,The Devil and Father Amorth,"$20,449"
778,Izzy Gets the F*ck Across Town,"$20,208"
779,Apocalypsis,"$20,052"
780,Eight Hours Don't Make a Day,"$19,987"
781,"One Sings, the Other Doesn't","$19,919"
782,Active Measures,"$19,862"
783,Damascus Cover,"$19,532"
784,Who We Are Now,"$19,128"
785,November,"$19,084"
786,Frank and Ava,"$18,829"
787,Crime + Punishment,"$18,644"
788,The Pagan King: The Battle of Death,"$18,598"
789,Allegiance to Broadway,"$18,527"
790,Desolation,"$18,490"
791,306 Hollywood,"$18,399"
792,King of Hearts,"$18,130"
793,Batman: Mask of the Phantasm 2018 Re-release,"$17,813"
794,The Chronicle of Anna Magdalena Bach,"$17,527"
795,"A Bread Factory, Part One/A Bread Factory, Part Two","$17,325"
796,Revival,"$17,252"
797,Haikara-San: Here Comes Miss Modern,"$16,572"
798,Detour,"$16,172"
799,Out on Stage,"$15,623"
800,Bob le Flambeur,"$15,586"
801,When You Read This Letter,"$15,552"
802,Postcards from London,"$15,548"
803,Tom of Finland 2018 Re-release,"$15,483"
804,Narcissister Organ Player,"$15,334"
805,People's Republic of Desire,"$15,241"
806,Trust Machine: The Story of Blockchain,"$14,905"
807,Ferrante Fever,"$14,518"
808,The Public Image is Rotten,"$14,464"
809,The Last Movie Star,"$14,410"
810,Chasing the Blues,"$14,030"
811,Weed the People,"$13,926"
812,Stavisky...,"$13,793"
813,Our Blood is Wine,"$13,210"
814,Like Me,"$12,965"
815,Kangaroo,"$12,626"
816,American Socialist: The Life and Times of Eugene Victor Debs,"$12,609"
817,Of Fathers and Sons,"$12,579"
818,My Art,"$12,554"
819,American Chaos,"$12,368"
820,L'héritage de la chouette,"$12,316"
821,The Most Unknown,"$12,119"
822,The Last Race,"$11,947"
823,Les Parents Terribles,"$11,818"
824,Summer '03,"$11,746"
825,Around India with a Movie Camera,"$11,568"
826,Rendezvous in July,"$11,321"
827,Bullitt County,"$11,257"
828,Edward II 2018 Re-release,"$11,055"
829,Class Rank,"$10,452"
830,Mama Africa 2018 Re-release,"$10,430"
831,The Advocates,"$10,402"
832,The Quest of Alain Ducasse,"$9,627"
833,Strangers on the Earth,"$9,518"
834,El Mar La Mar,"$9,065"
835,Step Up: High Water,"$9,005"
836,Zoo Wars,"$8,998"
837,Survivors Guide To Prison,"$8,982"
838,Colossal Youth,"$8,968"
839,Summer of '67,"$8,941"
840,This is Congo,"$8,905"
841,Blood Feast,"$8,708"
842,Furlough,"$8,472"
843,Spiral,"$8,190"
844,Legend of the Mountain,"$7,640"
845,Shoah: Four Sisters,"$7,323"
846,Tall: The American Skyscraper and Louis Sullivan,"$7,216"
847,Painless,"$7,082"
848,In Echo Park,"$7,072"
849,In the Land of Pomegranates,"$7,014"
850,Duck Butter,"$6,877"
851,Calling All Earthlings,"$6,756"
852,A Whale of a Tale,"$6,747"
853,Iceman,"$6,719"
854,One Last Thing,"$6,232"
855,I Am MLK Jr.,"$5,918"
856,An Actor Prepares,"$5,891"
857,Are We Not Cats,"$5,518"
858,Cuban Food Stories,"$5,434"
859,In Searching,"$5,210"
860,Intersection,"$5,116"
861,Notes on an Appearance,"$5,065"
862,The Texture of Falling,"$5,010"
863,Social Animals,"$5,007"
864,An L.A. Minute,"$5,004"
865,The Other Side of Everything,"$4,685"
866,The Long Dumb Road,"$4,667"
867,Weightless,"$4,530"
868,The Peacemaker,"$4,400"
869,The Party's Just Beginning,"$4,371"
870,Cocote,"$4,224"
871,Stella's Last Weekend,"$4,215"
872,Armed,"$3,948"
873,American Dresser,"$3,895"
874,The Second Time Around,"$3,837"
875,Nelly,"$3,751"
876,The Family,"$3,696"
877,Fourplay,"$3,550"
878,The Citizen 2018 Re-release,"$3,495"
879,The Cage Fighter,"$3,392"
880,Followers,"$3,350"
881,Over the Limit,"$3,243"
882,Game Changers,"$3,142"
883,Hot to Trot,"$3,133"
884,Nana,"$2,784"
885,Straight Into a Storm,"$2,684"
886,ACORN and the Firestorm,"$2,621"
887,West Of The Jordan River,"$1,926"
888,Finding Happiness,"$1,841"
889,The Lost Village,"$1,780"
890,Henchmen,"$1,469"
891,That Way Madness Lies...,"$1,447"
892,Beauty and the Beholder,"$1,368"
893,Altered Perception,"$1,259"
894,Two Men Went to War 2018 Re-release,"$1,227"
895,Under the Turban,"$1,190"
896,Half Brothers,"$1,100"
897,Invisible Hands,"$1,034"
898,TVTV: Video Revolutionaries,$812
899,Higher Power,$528
